1.1,1.1,0,31686.22
0.1,0.1,0,33412.26
0.1,1.1,0,32518.31
0.1,2.1,0,31763.1
1.1,0.1,0,32518.31
1.1,2.1,0,30813.13
2.1,0.1,0,31763.1
2.1,1.1,0,30813.13
2.1,2.1,0,29981
0.1,3.1,0,30963.34
1.1,3.1,0,30077.47
2.1,3.1,0,29181.65
3.1,0.1,0,30963.34
3.1,1.1,0,30077.46
3.1,2.1,0,29181.65
3.1,3.1,0,28247.99
0.1,4.1,0,30264.47
1.1,4.1,0,29209.82
2.1,4.1,0,28255.47
3.1,4.1,0,27487.86
4.1,0.1,0,30264.47
4.1,1.1,0,29209.82
4.1,2.1,0,28255.47
4.1,3.1,0,27487.86
4.1,4.1,0,26628.19
0.1,5.1,0,29495.21
1.1,5.1,0,28556.72
2.1,5.1,0,27611.73
3.1,5.1,0,26721.32
4.1,5.1,0,25948.61
5.1,0.1,0,29495.21
5.1,1.1,0,28556.72
5.1,2.1,0,27611.73
5.1,3.1,0,26721.32
5.1,4.1,0,25948.6
5.1,5.1,0,25059.14
0.1,6.1,0,28923.8
1.1,6.1,0,27909.38
2.1,6.1,0,26984.37
3.1,6.1,0,26025.44
4.1,6.1,0,25211.89
5.1,6.1,0,24433.87
6.1,0.1,0,28923.8
6.1,1.1,0,27909.38
6.1,2.1,0,26984.37
6.1,3.1,0,26025.44
6.1,4.1,0,25211.9
6.1,5.1,0,24433.86
6.1,6.1,0,23676.96
0.1,7.1,0,28372.17
1.1,7.1,0,27331.17
2.1,7.1,0,26311.85
3.1,7.1,0,25405.67
4.1,7.1,0,24529.61
5.1,7.1,0,23669.43
6.1,7.1,0,22965.24
7.1,0.1,0,28372.18
7.1,1.1,0,27331.17
7.1,2.1,0,26311.85
7.1,3.1,0,25405.66
7.1,4.1,0,24529.61
7.1,5.1,0,23669.43
7.1,6.1,0,22965.24
7.1,7.1,0,22262.48
0.1,8.1,0,27715.23
1.1,8.1,0,26655.84
2.1,8.1,0,25744.67
3.1,8.1,0,24803.27
4.1,8.1,0,23885.35
5.1,8.1,0,23092.99
6.1,8.1,0,22291.96
7.1,8.1,0,21659
8.1,0.1,0,27715.23
8.1,1.1,0,26655.83
8.1,2.1,0,25744.67
8.1,3.1,0,24803.27
8.1,4.1,0,23885.34
8.1,5.1,0,23092.99
8.1,6.1,0,22291.96
8.1,7.1,0,21659
8.1,8.1,0,20992.77
0.1,9.1,0,27458.67
1.1,9.1,0,26365.67
2.1,9.1,0,25347.7
3.1,9.1,0,24378.09
4.1,9.1,0,23483.51
5.1,9.1,0,22613.28
6.1,9.1,0,21837.85
7.1,9.1,0,21115.05
8.1,9.1,0,20430.32
9.1,0.1,0,27458.67
9.1,1.1,0,26365.67
9.1,2.1,0,25347.7
9.1,3.1,0,24378.09
9.1,4.1,0,23483.51
9.1,5.1,0,22613.27
9.1,6.1,0,21837.85
9.1,7.1,0,21115.05
9.1,8.1,0,20430.32
9.1,9.1,0,19822.19
0.1,10.1,0,26404.85
1.1,10.1,0,25427.94
2.1,10.1,0,24358.62
3.1,10.1,0,23383.19
4.1,10.1,0,22548.88
5.1,10.1,0,21655.5
6.1,10.1,0,20910.88
7.1,10.1,0,20185.83
8.1,10.1,0,19514.03
9.1,10.1,0,18930.11
10.1,0.1,0,26404.85
10.1,1.1,0,25427.95
10.1,2.1,0,24358.62
10.1,3.1,0,23383.19
10.1,4.1,0,22548.88
10.1,5.1,0,21655.51
10.1,6.1,0,20910.88
10.1,7.1,0,20185.83
10.1,8.1,0,19514.03
10.1,9.1,0,18930.11
10.1,10.1,0,18092.39
0.1,11.1,0,26028.58
1.1,11.1,0,24573.63
2.1,11.1,0,23574.79
3.1,11.1,0,22510.85
4.1,11.1,0,21499.1
5.1,11.1,0,20576.85
6.1,11.1,0,19777.42
7.1,11.1,0,18959.25
8.1,11.1,0,18174.99
9.1,11.1,0,17416.96
10.1,11.1,0,16549.47
11.1,0.1,0,26028.57
11.1,1.1,0,24573.63
11.1,2.1,0,23574.8
11.1,3.1,0,22510.86
11.1,4.1,0,21499.1
11.1,5.1,0,20576.85
11.1,6.1,0,19777.42
11.1,7.1,0,18959.25
11.1,8.1,0,18174.99
11.1,9.1,0,17416.97
11.1,10.1,0,16549.48
11.1,11.1,0,14577.24
0.1,12.1,0,25530.17
1.1,12.1,0,24014.02
2.1,12.1,0,22432.57
3.1,12.1,0,21365.29
4.1,12.1,0,20291.72
5.1,12.1,0,19337.46
6.1,12.1,0,18371.68
7.1,12.1,0,17501.39
8.1,12.1,0,16738.2
9.1,12.1,0,15837.91
10.1,12.1,0,14822.89
11.1,12.1,0,12626.08
12.1,0.1,0,25530.17
12.1,1.1,0,24014.02
12.1,2.1,0,22432.57
12.1,3.1,0,21365.29
12.1,4.1,0,20291.72
12.1,5.1,0,19337.47
12.1,6.1,0,18371.68
12.1,7.1,0,17501.39
12.1,8.1,0,16738.2
12.1,9.1,0,15837.91
12.1,10.1,0,14822.89
12.1,11.1,0,12626.08
12.1,12.1,0,10155.08
0.1,13.1,0,24911.08
1.1,13.1,0,23386.94
2.1,13.1,0,21889.83
3.1,13.1,0,20217.45
4.1,13.1,0,19124.17
5.1,13.1,0,18112.95
6.1,13.1,0,17105.01
7.1,13.1,0,16194.7
8.1,13.1,0,15247.88
9.1,13.1,0,14293.88
10.1,13.1,0,13130.3
11.1,13.1,0,10617.3
12.1,13.1,0,8039.671
13.1,0.1,0,24911.08
13.1,1.1,0,23386.94
13.1,2.1,0,21889.84
13.1,3.1,0,20217.45
13.1,4.1,0,19124.17
13.1,5.1,0,18112.96
13.1,6.1,0,17105.01
13.1,7.1,0,16194.7
13.1,8.1,0,15247.89
13.1,9.1,0,14293.88
13.1,10.1,0,13130.3
13.1,11.1,0,10617.3
13.1,12.1,0,8039.671
13.1,13.1,0,6560.246
0.1,14.1,0,24338.84
1.1,14.1,0,22916.15
2.1,14.1,0,21336.24
3.1,14.1,0,19746.33
4.1,14.1,0,17987.51
5.1,14.1,0,16919.06
6.1,14.1,0,15810.92
7.1,14.1,0,14766.53
8.1,14.1,0,13789.55
9.1,14.1,0,12930.87
10.1,14.1,0,12015.24
11.1,14.1,0,9318.972
12.1,14.1,0,6791.096
13.1,14.1,0,5830.362
14.1,0.1,0,24338.85
14.1,1.1,0,22916.15
14.1,2.1,0,21336.24
14.1,3.1,0,19746.33
14.1,4.1,0,17987.51
14.1,5.1,0,16919.06
14.1,6.1,0,15810.92
14.1,7.1,0,14766.53
14.1,8.1,0,13789.55
14.1,9.1,0,12930.87
14.1,10.1,0,12015.24
14.1,11.1,0,9318.972
14.1,12.1,0,6791.096
14.1,13.1,0,5830.362
14.1,14.1,0,5357.142
0.1,15.1,0,23793.14
1.1,15.1,0,22290.53
2.1,15.1,0,20638.57
3.1,15.1,0,19211.96
4.1,15.1,0,17571.86
5.1,15.1,0,15758.14
6.1,15.1,0,14738.35
7.1,15.1,0,13778.77
8.1,15.1,0,12947.59
9.1,15.1,0,12235.54
10.1,15.1,0,11372.04
11.1,15.1,0,8189.569
12.1,15.1,0,6059.246
13.1,15.1,0,5445.399
14.1,15.1,0,5120.584
15.1,0.1,0,23793.13
15.1,1.1,0,22290.53
15.1,2.1,0,20638.57
15.1,3.1,0,19211.96
15.1,4.1,0,17571.86
15.1,5.1,0,15758.14
15.1,6.1,0,14738.35
15.1,7.1,0,13778.78
15.1,8.1,0,12947.59
15.1,9.1,0,12235.55
15.1,10.1,0,11372.04
15.1,11.1,0,8189.57
15.1,12.1,0,6059.247
15.1,13.1,0,5445.399
15.1,14.1,0,5120.584
15.1,15.1,0,4978.775
0.1,16.1,0,23277.02
1.1,16.1,0,21703.18
2.1,16.1,0,20201.82
3.1,16.1,0,18696.36
4.1,16.1,0,17327.23
5.1,16.1,0,15763.1
6.1,16.1,0,14098.1
7.1,16.1,0,13291.71
8.1,16.1,0,12469.47
9.1,16.1,0,11708.86
10.1,16.1,0,10842.44
11.1,16.1,0,6931.679
12.1,16.1,0,5586.162
13.1,16.1,0,5187.234
14.1,16.1,0,5022.592
15.1,16.1,0,4943.589
16.1,0.1,0,23241.56
16.1,1.1,0,21703.18
16.1,2.1,0,20201.82
16.1,3.1,0,18696.36
16.1,4.1,0,17327.23
16.1,5.1,0,15763.1
16.1,6.1,0,14098.1
16.1,7.1,0,13291.71
16.1,8.1,0,12469.47
16.1,9.1,0,11708.86
16.1,10.1,0,10842.44
16.1,11.1,0,6931.679
16.1,12.1,0,5586.162
16.1,13.1,0,5187.234
16.1,14.1,0,5022.592
16.1,15.1,0,4943.589
16.1,16.1,0,4960.362
0.1,17.1,0,24030.93
1.1,17.1,0,21808.12
2.1,17.1,0,20137.8
3.1,17.1,0,18566.8
4.1,17.1,0,17333.05
5.1,17.1,0,16006.27
6.1,17.1,0,14634.39
7.1,17.1,0,12950.92
8.1,17.1,0,12203.33
9.1,17.1,0,11499.21
10.1,17.1,0,10429.36
11.1,17.1,0,5973.108
12.1,17.1,0,5287.623
13.1,17.1,0,5089.27
14.1,17.1,0,5004.98
15.1,17.1,0,4979.296
16.1,17.1,0,5001.323
17.1,0.1,0,24030.93
17.1,1.1,0,21808.12
17.1,2.1,0,20137.8
17.1,3.1,0,18566.8
17.1,4.1,0,17333.05
17.1,5.1,0,16006.27
17.1,6.1,0,14634.39
17.1,7.1,0,12950.92
17.1,8.1,0,12203.33
17.1,9.1,0,11499.21
17.1,10.1,0,10429.36
17.1,11.1,0,5973.109
17.1,12.1,0,5287.623
17.1,13.1,0,5089.271
17.1,14.1,0,5004.98
17.1,15.1,0,4979.295
17.1,16.1,0,5001.323
17.1,17.1,0,5095.316
0.1,18.1,0,26308.28
1.1,18.1,0,24403.39
2.1,18.1,0,22372.21
3.1,18.1,0,20325.59
4.1,18.1,0,18067.21
5.1,18.1,0,16477.12
6.1,18.1,0,15201.71
7.1,18.1,0,13932.67
8.1,18.1,0,12078.34
9.1,18.1,0,11360.87
10.1,18.1,0,9661.097
11.1,18.1,0,5429.44
12.1,18.1,0,5188.001
13.1,18.1,0,5092.767
14.1,18.1,0,5045.863
15.1,18.1,0,5055.882
16.1,18.1,0,5125.236
17.1,18.1,0,5202.875
18.1,0.1,0,26308.28
18.1,1.1,0,24403.39
18.1,2.1,0,22372.21
18.1,3.1,0,20325.58
18.1,4.1,0,18067.21
18.1,5.1,0,16477.12
18.1,6.1,0,15201.71
18.1,7.1,0,13932.67
18.1,8.1,0,12078.33
18.1,9.1,0,11360.87
18.1,10.1,0,9661.096
18.1,11.1,0,5429.439
18.1,12.1,0,5188.002
18.1,13.1,0,5092.767
18.1,14.1,0,5045.863
18.1,15.1,0,5055.88
18.1,16.1,0,5125.235
18.1,17.1,0,5202.875
18.1,18.1,0,5267.182
0.1,19.1,0,28847.55
1.1,19.1,0,27061.34
2.1,19.1,0,25347.17
3.1,19.1,0,23799.89
4.1,19.1,0,22091.8
5.1,19.1,0,20296.17
6.1,19.1,0,18327.49
7.1,19.1,0,15598.12
8.1,19.1,0,13667.24
9.1,19.1,0,11445.02
19.1,0.1,0,28847.56
19.1,1.1,0,27061.35
19.1,2.1,0,25347.18
19.1,3.1,0,23799.89
19.1,4.1,0,22091.8
19.1,5.1,0,20296.17
19.1,6.1,0,18327.49
19.1,7.1,0,15567.76
19.1,8.1,0,13667.24
19.1,9.1,0,11445.02
0.1,20.1,0,31484.06
1.1,20.1,0,30022.37
2.1,20.1,0,28633.28
3.1,20.1,0,27262.72
4.1,20.1,0,26056.55
5.1,20.1,0,24862.72
6.1,20.1,0,23794.47
7.1,20.1,0,22846.03
8.1,20.1,0,21926.06
9.1,20.1,0,20393.87
20.1,0.1,0,31484.06
20.1,1.1,0,30022.36
20.1,2.1,0,28633.28
20.1,3.1,0,27262.72
20.1,4.1,0,26056.55
20.1,5.1,0,24862.72
20.1,6.1,0,23794.46
20.1,7.1,0,22846.03
20.1,8.1,0,21926.06
20.1,9.1,0,20393.87
0.1,21.1,0,31175.54
1.1,21.1,0,29813.86
2.1,21.1,0,28297.24
3.1,21.1,0,27063.62
4.1,21.1,0,25729.91
5.1,21.1,0,24501.86
6.1,21.1,0,23504.59
7.1,21.1,0,22529.18
8.1,21.1,0,21152.37
9.1,21.1,0,18917.47
10.1,20.1,0,15187.64
10.1,21.1,0,16850
21.1,0.1,0,31175.54
21.1,1.1,0,29813.87
21.1,2.1,0,28297.23
21.1,3.1,0,27063.62
21.1,4.1,0,25729.91
21.1,5.1,0,24501.86
21.1,6.1,0,23504.6
21.1,7.1,0,22529.18
21.1,8.1,0,21152.37
21.1,9.1,0,18917.47
20.1,10.1,0,15170.67
21.1,10.1,0,16850
0.1,22.1,0,31145.87
1.1,22.1,0,29680.81
2.1,22.1,0,28333.3
3.1,22.1,0,26909.78
4.1,22.1,0,25587.07
5.1,22.1,0,24439.15
6.1,22.1,0,23348.94
7.1,22.1,0,21980.95
8.1,22.1,0,19999.52
9.1,22.1,0,18362.94
10.1,22.1,0,16714.27
11.1,20.1,0,14678.15
11.1,21.1,0,14275.25
11.1,22.1,0,14619.16
22.1,0.1,0,31145.87
22.1,1.1,0,29680.81
22.1,2.1,0,28333.31
22.1,3.1,0,26909.79
22.1,4.1,0,25587.07
22.1,5.1,0,24439.15
22.1,6.1,0,23348.94
22.1,7.1,0,21980.95
22.1,8.1,0,19999.53
22.1,9.1,0,18362.94
22.1,10.1,0,16714.27
20.1,11.1,0,14678.15
21.1,11.1,0,14275.25
22.1,11.1,0,14619.15
0.1,23.1,0,30915.83
1.1,23.1,0,29776.38
2.1,23.1,0,28373.89
3.1,23.1,0,27036.45
4.1,23.1,0,25652.41
5.1,23.1,0,24408.41
6.1,23.1,0,22953.31
7.1,23.1,0,21168.44
8.1,23.1,0,19543.42
9.1,23.1,0,18053.94
10.1,23.1,0,16636.62
11.1,23.1,0,14892.07
12.1,20.1,0,14633.75
12.1,21.1,0,13873.56
12.1,22.1,0,13161.78
12.1,23.1,0,13238.21
23.1,0.1,0,30915.82
23.1,1.1,0,29776.38
23.1,2.1,0,28373.89
23.1,3.1,0,27036.45
23.1,4.1,0,25652.41
23.1,5.1,0,24408.41
23.1,6.1,0,22953.31
23.1,7.1,0,21168.44
23.1,8.1,0,19543.42
23.1,9.1,0,18053.93
23.1,10.1,0,16636.62
23.1,11.1,0,14892.07
20.1,12.1,0,14633.75
21.1,12.1,0,13873.56
22.1,12.1,0,13216.93
23.1,12.1,0,13238.21
0.1,24.1,0,30781.79
1.1,24.1,0,29620.09
2.1,24.1,0,28522.04
3.1,24.1,0,27277.46
4.1,24.1,0,25978.49
5.1,24.1,0,24515.37
6.1,24.1,0,22507.87
7.1,24.1,0,20815.45
8.1,24.1,0,19314.48
9.1,24.1,0,17980.31
10.1,24.1,0,16551.46
11.1,24.1,0,14991.48
12.1,24.1,0,13329.1
13.1,20.1,0,14362.69
13.1,21.1,0,13681.46
13.1,22.1,0,12925.72
13.1,23.1,0,12140.18
13.1,24.1,0,12060.42
24.1,0.1,0,30781.79
24.1,1.1,0,29620.09
24.1,2.1,0,28522.03
24.1,3.1,0,27277.46
24.1,4.1,0,25978.48
24.1,5.1,0,24515.37
24.1,6.1,0,22507.87
24.1,7.1,0,20815.46
24.1,8.1,0,19314.48
24.1,9.1,0,17980.32
24.1,10.1,0,16551.46
24.1,11.1,0,14991.48
24.1,12.1,0,13329.1
20.1,13.1,0,14362.69
21.1,13.1,0,13681.46
22.1,13.1,0,12925.73
23.1,13.1,0,12140.18
24.1,13.1,0,12060.42
0.1,25.1,0,30837.98
1.1,25.1,0,29648.54
2.1,25.1,0,28509.23
3.1,25.1,0,27510.39
4.1,25.1,0,26160.8
5.1,25.1,0,24222.91
6.1,25.1,0,22383.49
7.1,25.1,0,20694.22
8.1,25.1,0,19222.7
9.1,25.1,0,17938.71
10.1,25.1,0,16522.94
11.1,25.1,0,15096.89
12.1,25.1,0,13463.86
13.1,25.1,0,12006.14
14.1,20.1,0,14133.35
14.1,21.1,0,13467.31
14.1,22.1,0,12762.62
14.1,23.1,0,11983.85
14.1,24.1,0,11235.16
14.1,25.1,0,11220.42
25.1,0.1,0,30837.97
25.1,1.1,0,29648.54
25.1,2.1,0,28509.23
25.1,3.1,0,27510.38
25.1,4.1,0,26160.8
25.1,5.1,0,24222.91
25.1,6.1,0,22383.49
25.1,7.1,0,20694.23
25.1,8.1,0,19222.7
25.1,9.1,0,17938.71
25.1,10.1,0,16522.94
25.1,11.1,0,15096.89
25.1,12.1,0,13463.85
25.1,13.1,0,12006.14
20.1,14.1,0,14133.35
21.1,14.1,0,13467.31
22.1,14.1,0,12762.62
23.1,14.1,0,11983.85
24.1,14.1,0,11175.77
25.1,14.1,0,11220.42
0.1,26.1,0,30840.51
1.1,26.1,0,29690.33
2.1,26.1,0,28561.88
3.1,26.1,0,27397.62
4.1,26.1,0,25848.46
5.1,26.1,0,24209.61
6.1,26.1,0,22537.61
7.1,26.1,0,20828.04
8.1,26.1,0,19316.21
9.1,26.1,0,18016.3
10.1,26.1,0,16570.43
11.1,26.1,0,15078.32
12.1,26.1,0,13456.22
13.1,26.1,0,12135.72
14.1,26.1,0,11362.11
15.1,20.1,0,13966.35
15.1,21.1,0,13213.99
15.1,22.1,0,12516.79
15.1,23.1,0,12046.18
15.1,24.1,0,11525.52
15.1,25.1,0,10725.85
15.1,26.1,0,11770.83
26.1,0.1,0,30840.51
26.1,1.1,0,29690.33
26.1,2.1,0,28561.88
26.1,3.1,0,27397.61
26.1,4.1,0,25848.46
26.1,5.1,0,24209.61
26.1,6.1,0,22537.61
26.1,7.1,0,20828.04
26.1,8.1,0,19316.21
26.1,9.1,0,18016.31
26.1,10.1,0,16570.44
26.1,11.1,0,15078.32
26.1,12.1,0,13456.22
26.1,13.1,0,12135.72
26.1,14.1,0,11362.11
20.1,15.1,0,13966.35
21.1,15.1,0,13214
22.1,15.1,0,12516.79
23.1,15.1,0,12046.18
24.1,15.1,0,11525.52
25.1,15.1,0,10748.48
26.1,15.1,0,11770.83
0.1,27.1,0,30892.14
1.1,27.1,0,29802.46
2.1,27.1,0,28544.46
3.1,27.1,0,27012.9
4.1,27.1,0,25644.18
5.1,27.1,0,24343.72
6.1,27.1,0,22930.54
7.1,27.1,0,21211.05
8.1,27.1,0,19582.25
9.1,27.1,0,18154.68
10.1,27.1,0,16740.26
11.1,27.1,0,15007.33
12.1,27.1,0,13409.99
13.1,27.1,0,12414.62
14.1,27.1,0,12326.92
15.1,27.1,0,12294.41
16.1,20.1,0,13673.65
16.1,21.1,0,13057.46
16.1,22.1,0,12574.6
16.1,23.1,0,12207.3
16.1,24.1,0,11962.62
16.1,25.1,0,12286.61
16.1,26.1,0,11974.44
16.1,27.1,0,12525.59
27.1,0.1,0,30892.14
27.1,1.1,0,29802.46
27.1,2.1,0,28544.47
27.1,3.1,0,27012.9
27.1,4.1,0,25644.18
27.1,5.1,0,24343.72
27.1,6.1,0,22930.54
27.1,7.1,0,21211.06
27.1,8.1,0,19582.25
27.1,9.1,0,18154.68
27.1,10.1,0,16740.26
27.1,11.1,0,15007.33
27.1,12.1,0,13409.99
27.1,13.1,0,12414.62
27.1,14.1,0,12326.92
27.1,15.1,0,12294.41
20.1,16.1,0,13673.65
21.1,16.1,0,13057.46
22.1,16.1,0,12574.6
23.1,16.1,0,12207.29
24.1,16.1,0,11962.62
25.1,16.1,0,12286.6
26.1,16.1,0,11974.44
27.1,16.1,0,12525.59
0.1,28.1,0,31117.91
1.1,28.1,0,29865.51
2.1,28.1,0,28327.69
3.1,28.1,0,26938.61
4.1,28.1,0,25650.42
5.1,28.1,0,24366.09
6.1,28.1,0,23251.38
7.1,28.1,0,21981.62
8.1,28.1,0,20178.1
9.1,28.1,0,18484.39
10.1,28.1,0,16862.33
11.1,28.1,0,14729.88
12.1,28.1,0,13516.01
13.1,28.1,0,13342.62
14.1,28.1,0,13008.8
15.1,28.1,0,12985.47
16.1,28.1,0,12880.73
17.1,20.1,0,13572.71
17.1,21.1,0,13183.63
17.1,22.1,0,12734.92
17.1,23.1,0,12707.68
17.1,24.1,0,13343.18
17.1,25.1,0,13412.59
17.1,26.1,0,13332.01
17.1,27.1,0,12664.42
17.1,28.1,0,13080.65
28.1,0.1,0,31117.9
28.1,1.1,0,29865.51
28.1,2.1,0,28327.69
28.1,3.1,0,26938.61
28.1,4.1,0,25650.43
28.1,5.1,0,24366.09
28.1,6.1,0,23251.38
28.1,7.1,0,21981.62
28.1,8.1,0,20178.11
28.1,9.1,0,18484.39
28.1,10.1,0,16862.33
28.1,11.1,0,14729.88
28.1,12.1,0,13516.01
28.1,13.1,0,13342.62
28.1,14.1,0,13008.8
28.1,15.1,0,12985.47
28.1,16.1,0,12880.73
20.1,17.1,0,13572.71
21.1,17.1,0,13183.63
22.1,17.1,0,12734.92
23.1,17.1,0,12707.68
24.1,17.1,0,13343.18
25.1,17.1,0,13412.59
26.1,17.1,0,13332.01
27.1,17.1,0,12664.42
28.1,17.1,0,13080.65
0.1,29.1,0,31259.8
1.1,29.1,0,29706.43
2.1,29.1,0,28301.51
3.1,29.1,0,26863.52
4.1,29.1,0,25660.51
5.1,29.1,0,24473.31
6.1,29.1,0,23431.29
7.1,29.1,0,22365.91
8.1,29.1,0,21199.75
9.1,29.1,0,19111.31
10.1,29.1,0,16889
11.1,29.1,0,14535.25
12.1,29.1,0,14296.02
13.1,29.1,0,14120.5
14.1,29.1,0,13808.11
15.1,29.1,0,13545.15
16.1,29.1,0,13448.02
17.1,29.1,0,13489.78
18.1,20.1,0,13614.54
18.1,21.1,0,13258.34
18.1,22.1,0,13204.86
18.1,23.1,0,14125.74
18.1,24.1,0,14432.83
18.1,25.1,0,14481.95
18.1,26.1,0,14477.76
18.1,27.1,0,14262.85
18.1,28.1,0,13274.25
18.1,29.1,0,13638.12
29.1,0.1,0,31259.8
29.1,1.1,0,29706.42
29.1,2.1,0,28301.51
29.1,3.1,0,26863.52
29.1,4.1,0,25660.51
29.1,5.1,0,24473.31
29.1,6.1,0,23431.29
29.1,7.1,0,22365.91
29.1,8.1,0,21199.75
29.1,9.1,0,19111.31
29.1,10.1,0,16889
29.1,11.1,0,14535.25
29.1,12.1,0,14296.02
29.1,13.1,0,14120.5
29.1,14.1,0,13808.11
29.1,15.1,0,13545.15
29.1,16.1,0,13448.01
29.1,17.1,0,13489.78
20.1,18.1,0,13614.54
21.1,18.1,0,13258.34
22.1,18.1,0,13204.85
23.1,18.1,0,14125.73
24.1,18.1,0,14432.83
25.1,18.1,0,14481.95
26.1,18.1,0,14477.76
27.1,18.1,0,14262.84
28.1,18.1,0,13274.25
29.1,18.1,0,13638.12
0.1,30.1,0,30983.01
1.1,30.1,0,29479.5
2.1,30.1,0,28028.38
3.1,30.1,0,26732.09
4.1,30.1,0,25499.25
5.1,30.1,0,24327.86
6.1,30.1,0,23096.21
7.1,30.1,0,21847.08
8.1,30.1,0,20608.55
9.1,30.1,0,18337.95
19.1,20.1,0,13689.76
19.1,21.1,0,14124.06
19.1,22.1,0,15215.47
19.1,23.1,0,15382.2
19.1,24.1,0,15488.31
19.1,25.1,0,15471.55
19.1,26.1,0,15527.86
19.1,27.1,0,15510.26
19.1,28.1,0,15262.55
19.1,29.1,0,13874.02
30.1,0.1,0,30983
30.1,1.1,0,29479.5
30.1,2.1,0,28028.37
30.1,3.1,0,26732.08
30.1,4.1,0,25499.25
30.1,5.1,0,24327.86
30.1,6.1,0,23096.21
30.1,7.1,0,21847.08
30.1,8.1,0,20608.55
30.1,9.1,0,18337.95
20.1,19.1,0,13689.76
21.1,19.1,0,14124.06
22.1,19.1,0,15202.13
23.1,19.1,0,15382.2
24.1,19.1,0,15488.31
25.1,19.1,0,15471.55
26.1,19.1,0,15527.86
27.1,19.1,0,15510.26
28.1,19.1,0,15262.55
29.1,19.1,0,13874.02
0.1,31.1,0,28565.85
1.1,31.1,0,27005.26
2.1,31.1,0,25134.52
3.1,31.1,0,23361.89
4.1,31.1,0,21568.6
5.1,31.1,0,19649.73
6.1,31.1,0,17344.72
7.1,31.1,0,14934.42
8.1,31.1,0,13318.83
9.1,31.1,0,11347.45
20.1,20.1,0,17410.16
20.1,21.1,0,17104.78
20.1,22.1,0,16842.25
20.1,23.1,0,16675.04
20.1,24.1,0,16559.29
20.1,25.1,0,16550.13
20.1,26.1,0,16579.95
20.1,27.1,0,16733.52
20.1,28.1,0,16959.21
20.1,29.1,0,17254.33
31.1,0.1,0,28565.85
31.1,1.1,0,27005.26
31.1,2.1,0,25134.52
31.1,3.1,0,23361.89
31.1,4.1,0,21568.6
31.1,5.1,0,19649.73
31.1,6.1,0,17344.72
31.1,7.1,0,14934.42
31.1,8.1,0,13318.83
31.1,9.1,0,11347.45
21.1,20.1,0,17104.78
22.1,20.1,0,16842.25
23.1,20.1,0,16675.04
24.1,20.1,0,16559.29
25.1,20.1,0,16550.14
26.1,20.1,0,16579.95
27.1,20.1,0,16733.52
28.1,20.1,0,16959.21
29.1,20.1,0,17254.33
0.1,32.1,0,26188.13
1.1,32.1,0,24101.08
2.1,32.1,0,22188.2
3.1,32.1,0,20083.51
4.1,32.1,0,17890.6
5.1,32.1,0,16332.56
6.1,32.1,0,15078.68
7.1,32.1,0,13724.6
8.1,32.1,0,12060.65
9.1,32.1,0,11274.71
10.1,31.1,0,5186.487
10.1,32.1,0,9684.367
21.1,21.1,0,16678.55
21.1,22.1,0,16349.38
21.1,23.1,0,16254.77
21.1,24.1,0,16118.33
21.1,25.1,0,16119.78
21.1,26.1,0,16173.16
21.1,27.1,0,16317.01
21.1,28.1,0,16448.62
21.1,29.1,0,16863.09
20.1,30.1,0,14129.84
21.1,30.1,0,16828.37
32.1,0.1,0,26188.12
32.1,1.1,0,24101.08
32.1,2.1,0,22188.2
32.1,3.1,0,20083.52
32.1,4.1,0,17890.6
32.1,5.1,0,16332.56
32.1,6.1,0,15078.67
32.1,7.1,0,13724.59
32.1,8.1,0,12060.65
32.1,9.1,0,11274.71
31.1,10.1,0,5186.487
32.1,10.1,0,9684.367
22.1,21.1,0,16376.55
23.1,21.1,0,16254.77
24.1,21.1,0,16118.33
25.1,21.1,0,16119.79
26.1,21.1,0,16173.16
27.1,21.1,0,16317.01
28.1,21.1,0,16448.62
29.1,21.1,0,16863.1
30.1,20.1,0,14129.85
30.1,21.1,0,16828.37
0.1,33.1,0,23885.95
1.1,33.1,0,21733.72
2.1,33.1,0,20097.64
3.1,33.1,0,18549.13
4.1,33.1,0,17169.55
5.1,33.1,0,15980.21
6.1,33.1,0,14478.46
7.1,33.1,0,12908.08
8.1,33.1,0,12116.67
9.1,33.1,0,11374.38
10.1,33.1,0,10253.18
11.1,31.1,0,4812.877
11.1,32.1,0,4963.754
11.1,33.1,0,5725.315
22.1,22.1,0,16193.83
22.1,23.1,0,16009.16
22.1,24.1,0,15875.66
22.1,25.1,0,15946.75
22.1,26.1,0,16033.61
22.1,27.1,0,16130.67
22.1,28.1,0,16308.6
22.1,29.1,0,16598
22.1,30.1,0,16703.54
20.1,31.1,0,13865.89
21.1,31.1,0,13609.86
22.1,31.1,0,15150.42
33.1,0.1,0,23885.96
33.1,1.1,0,21733.72
33.1,2.1,0,20097.64
33.1,3.1,0,18549.13
33.1,4.1,0,17169.55
33.1,5.1,0,15980.21
33.1,6.1,0,14478.46
33.1,7.1,0,12908.08
33.1,8.1,0,12116.67
33.1,9.1,0,11374.38
33.1,10.1,0,10253.18
31.1,11.1,0,4812.877
32.1,11.1,0,4963.754
33.1,11.1,0,5725.315
23.1,22.1,0,16009.16
24.1,22.1,0,15875.66
25.1,22.1,0,15946.75
26.1,22.1,0,16033.61
27.1,22.1,0,16130.67
28.1,22.1,0,16291.34
29.1,22.1,0,16598
30.1,22.1,0,16703.54
31.1,20.1,0,13865.89
31.1,21.1,0,13609.86
31.1,22.1,0,15150.42
0.1,34.1,0,23247.33
1.1,34.1,0,21597.15
2.1,34.1,0,20025.11
3.1,34.1,0,18601.7
4.1,34.1,0,17137.86
5.1,34.1,0,15611.92
6.1,34.1,0,14089.15
7.1,34.1,0,13238.64
8.1,34.1,0,12409.15
9.1,34.1,0,11649.75
10.1,34.1,0,10736.48
11.1,34.1,0,6749.505
12.1,31.1,0,4744.882
12.1,32.1,0,4775.015
12.1,33.1,0,4800.619
12.1,34.1,0,5249.184
23.1,23.1,0,15876.46
23.1,24.1,0,15771.56
23.1,25.1,0,15721.33
23.1,26.1,0,15805.58
23.1,27.1,0,15916.04
23.1,28.1,0,16143.21
23.1,29.1,0,16406.82
23.1,30.1,0,16520.55
23.1,31.1,0,15436.29
20.1,32.1,0,13792.17
21.1,32.1,0,13440.99
22.1,32.1,0,13170.82
23.1,32.1,0,14152.52
34.1,0.1,0,23247.33
34.1,1.1,0,21597.15
34.1,2.1,0,20025.11
34.1,3.1,0,18601.7
34.1,4.1,0,17137.86
34.1,5.1,0,15611.92
34.1,6.1,0,14089.15
34.1,7.1,0,13238.64
34.1,8.1,0,12409.15
34.1,9.1,0,11649.75
34.1,10.1,0,10736.48
34.1,11.1,0,6749.505
31.1,12.1,0,4744.882
32.1,12.1,0,4775.015
33.1,12.1,0,4800.619
34.1,12.1,0,5249.184
24.1,23.1,0,15771.56
25.1,23.1,0,15721.33
26.1,23.1,0,15805.58
27.1,23.1,0,15916.04
28.1,23.1,0,16143.21
29.1,23.1,0,16406.82
30.1,23.1,0,16520.55
31.1,23.1,0,15436.29
32.1,20.1,0,13792.17
32.1,21.1,0,13440.99
32.1,22.1,0,13179.3
32.1,23.1,0,14152.52
0.1,35.1,0,23637.71
1.1,35.1,0,22043.9
2.1,35.1,0,20567.39
3.1,35.1,0,18909.14
4.1,35.1,0,17324.04
5.1,35.1,0,15717.65
6.1,35.1,0,14643.46
7.1,35.1,0,13662.69
8.1,35.1,0,12867.51
9.1,35.1,0,12115.41
10.1,35.1,0,11202.93
11.1,35.1,0,7967.371
12.1,35.1,0,5737.138
13.1,31.1,0,4712.388
13.1,32.1,0,4659.437
13.1,33.1,0,4695.857
13.1,34.1,0,4701.113
13.1,35.1,0,5083.064
24.1,24.1,0,15672.48
24.1,25.1,0,15645.1
24.1,26.1,0,15720.98
24.1,27.1,0,15885.02
24.1,28.1,0,16003.28
24.1,29.1,0,16362.37
24.1,30.1,0,16438.65
24.1,31.1,0,15487.05
24.1,32.1,0,14462.66
20.1,33.1,0,13794.48
21.1,33.1,0,13286.62
22.1,33.1,0,12929.64
23.1,33.1,0,12680.43
24.1,33.1,0,13258.47
35.1,0.1,0,23637.71
35.1,1.1,0,22043.9
35.1,2.1,0,20567.39
35.1,3.1,0,18937.74
35.1,4.1,0,17324.04
35.1,5.1,0,15717.65
35.1,6.1,0,14643.46
35.1,7.1,0,13662.69
35.1,8.1,0,12867.51
35.1,9.1,0,12115.41
35.1,10.1,0,11202.93
35.1,11.1,0,7967.371
35.1,12.1,0,5737.138
31.1,13.1,0,4712.388
32.1,13.1,0,4659.437
33.1,13.1,0,4695.857
34.1,13.1,0,4701.113
35.1,13.1,0,5083.064
25.1,24.1,0,15645.1
26.1,24.1,0,15720.98
27.1,24.1,0,15885.02
28.1,24.1,0,16003.28
29.1,24.1,0,16362.37
30.1,24.1,0,16438.65
31.1,24.1,0,15487.05
32.1,24.1,0,14462.66
33.1,20.1,0,13794.48
33.1,21.1,0,13286.62
33.1,22.1,0,12929.64
33.1,23.1,0,12680.43
33.1,24.1,0,13258.48
0.1,36.1,0,24204.06
1.1,36.1,0,22692.78
2.1,36.1,0,21170.73
3.1,36.1,0,19530.56
4.1,36.1,0,18000.79
5.1,36.1,0,16837.79
6.1,36.1,0,15683.61
7.1,36.1,0,14628.47
8.1,36.1,0,13586.34
9.1,36.1,0,12746.66
10.1,36.1,0,11823.37
11.1,36.1,0,9114.608
12.1,36.1,0,6525.259
13.1,36.1,0,5538.983
14.1,31.1,0,4746.987
14.1,32.1,0,4641.027
14.1,33.1,0,4633.949
14.1,34.1,0,4656.812
14.1,35.1,0,4667.673
14.1,36.1,0,5072.906
25.1,25.1,0,15667.9
25.1,26.1,0,15722.82
25.1,27.1,0,15817.55
25.1,28.1,0,16017.71
25.1,29.1,0,16312.72
25.1,30.1,0,16443.99
25.1,31.1,0,15560.61
25.1,32.1,0,14569.48
25.1,33.1,0,13531.79
20.1,34.1,0,13835.04
21.1,34.1,0,13267.63
22.1,34.1,0,12802.3
23.1,34.1,0,12448.19
24.1,34.1,0,11989.42
25.1,34.1,0,12216.79
36.1,0.1,0,24204.05
36.1,1.1,0,22692.78
36.1,2.1,0,21170.73
36.1,3.1,0,19530.56
36.1,4.1,0,18000.8
36.1,5.1,0,16837.79
36.1,6.1,0,15683.61
36.1,7.1,0,14628.47
36.1,8.1,0,13586.34
36.1,9.1,0,12746.66
36.1,10.1,0,11823.38
36.1,11.1,0,9114.608
36.1,12.1,0,6525.259
36.1,13.1,0,5538.983
31.1,14.1,0,4746.987
32.1,14.1,0,4641.027
33.1,14.1,0,4633.949
34.1,14.1,0,4656.812
35.1,14.1,0,4667.673
36.1,14.1,0,5072.906
26.1,25.1,0,15722.82
27.1,25.1,0,15817.55
28.1,25.1,0,15999.33
29.1,25.1,0,16312.72
30.1,25.1,0,16443.99
31.1,25.1,0,15560.61
32.1,25.1,0,14561.18
33.1,25.1,0,13531.79
34.1,20.1,0,13835.04
34.1,21.1,0,13267.63
34.1,22.1,0,12802.3
34.1,23.1,0,12448.19
34.1,24.1,0,12048.81
34.1,25.1,0,12216.79
0.1,37.1,0,24912.1
1.1,37.1,0,23376.07
2.1,37.1,0,21766.77
3.1,37.1,0,20171.52
4.1,37.1,0,19116.62
5.1,37.1,0,18027.79
6.1,37.1,0,17005.1
7.1,37.1,0,15974.15
8.1,37.1,0,15065.51
9.1,37.1,0,14122.53
10.1,37.1,0,12919.07
11.1,37.1,0,10362.72
12.1,37.1,0,7785.194
13.1,37.1,0,6254.205
14.1,37.1,0,5517.094
15.1,31.1,0,4804.486
15.1,32.1,0,4661.858
15.1,33.1,0,4620.611
15.1,34.1,0,4601.384
15.1,35.1,0,4688.208
15.1,36.1,0,4701.116
15.1,37.1,0,5139.964
26.1,26.1,0,15811.08
26.1,27.1,0,15890.79
26.1,28.1,0,16144.69
26.1,29.1,0,16383.72
26.1,30.1,0,16483.78
26.1,31.1,0,15521.53
26.1,32.1,0,14584.06
26.1,33.1,0,13373.52
26.1,34.1,0,12312.14
20.1,35.1,0,14147.54
21.1,35.1,0,13269.07
22.1,35.1,0,12729.05
23.1,35.1,0,12227.28
24.1,35.1,0,11687.95
25.1,35.1,0,11216.26
26.1,35.1,0,11882.66
37.1,0.1,0,24912.1
37.1,1.1,0,23404.39
37.1,2.1,0,21766.77
37.1,3.1,0,20171.52
37.1,4.1,0,19116.62
37.1,5.1,0,18027.79
37.1,6.1,0,17005.1
37.1,7.1,0,15974.15
37.1,8.1,0,15065.5
37.1,9.1,0,14122.53
37.1,10.1,0,12919.07
37.1,11.1,0,10362.72
37.1,12.1,0,7785.194
37.1,13.1,0,6254.205
37.1,14.1,0,5517.094
31.1,15.1,0,4804.486
32.1,15.1,0,4661.858
33.1,15.1,0,4620.611
34.1,15.1,0,4601.384
35.1,15.1,0,4688.208
36.1,15.1,0,4701.116
37.1,15.1,0,5139.964
27.1,26.1,0,15890.79
28.1,26.1,0,16144.68
29.1,26.1,0,16383.72
30.1,26.1,0,16483.78
31.1,26.1,0,15521.53
32.1,26.1,0,14584.06
33.1,26.1,0,13373.51
34.1,26.1,0,12312.14
35.1,20.1,0,14147.54
35.1,21.1,0,13269.07
35.1,22.1,0,12729.05
35.1,23.1,0,12227.28
35.1,24.1,0,11687.95
35.1,25.1,0,11124.33
35.1,26.1,0,11882.66
0.1,38.1,0,25518.47
1.1,38.1,0,23962.3
2.1,38.1,0,22380.74
3.1,38.1,0,21317.58
4.1,38.1,0,20295.14
5.1,38.1,0,19224.54
6.1,38.1,0,18285.15
7.1,38.1,0,17455.7
8.1,38.1,0,16550.02
9.1,38.1,0,15722.93
10.1,38.1,0,14672.92
11.1,38.1,0,12411.97
12.1,38.1,0,9959.201
13.1,38.1,0,7791.718
14.1,38.1,0,6591.487
15.1,38.1,0,5830.553
16.1,31.1,0,4874.557
16.1,32.1,0,4735.087
16.1,33.1,0,4668.078
16.1,34.1,0,4636.311
16.1,35.1,0,4662.184
16.1,36.1,0,4729.051
16.1,37.1,0,4800.62
16.1,38.1,0,5358.766
27.1,27.1,0,16024.75
27.1,28.1,0,16132.12
27.1,29.1,0,16515.32
27.1,30.1,0,16608.31
27.1,31.1,0,15499.95
27.1,32.1,0,14256.58
27.1,33.1,0,13062.57
27.1,34.1,0,12686.87
27.1,35.1,0,12478.88
20.1,36.1,0,14260.73
21.1,36.1,0,13516.06
22.1,36.1,0,12859.14
23.1,36.1,0,12167.28
24.1,36.1,0,11614.36
25.1,36.1,0,11563.13
26.1,36.1,0,11581.45
27.1,36.1,0,12282.24
38.1,0.1,0,25518.47
38.1,1.1,0,23962.29
38.1,2.1,0,22380.74
38.1,3.1,0,21317.58
38.1,4.1,0,20295.14
38.1,5.1,0,19224.54
38.1,6.1,0,18285.15
38.1,7.1,0,17455.7
38.1,8.1,0,16550.02
38.1,9.1,0,15722.93
38.1,10.1,0,14672.92
38.1,11.1,0,12411.97
38.1,12.1,0,9959.201
38.1,13.1,0,7791.718
38.1,14.1,0,6591.487
38.1,15.1,0,5830.553
31.1,16.1,0,4874.557
32.1,16.1,0,4735.087
33.1,16.1,0,4668.078
34.1,16.1,0,4636.311
35.1,16.1,0,4662.184
36.1,16.1,0,4729.051
37.1,16.1,0,4800.62
38.1,16.1,0,5358.766
28.1,27.1,0,16132.12
29.1,27.1,0,16515.32
30.1,27.1,0,16608.31
31.1,27.1,0,15499.95
32.1,27.1,0,14256.58
33.1,27.1,0,13062.57
34.1,27.1,0,12686.87
35.1,27.1,0,12478.88
36.1,20.1,0,14260.73
36.1,21.1,0,13516.06
36.1,22.1,0,12859.15
36.1,23.1,0,12167.28
36.1,24.1,0,11614.36
36.1,25.1,0,11563.12
36.1,26.1,0,11581.45
36.1,27.1,0,12282.24
0.1,39.1,0,26094.95
1.1,39.1,0,24574.62
2.1,39.1,0,23509.48
3.1,39.1,0,22464.91
4.1,39.1,0,21515.76
5.1,39.1,0,20618.34
6.1,39.1,0,19713.96
7.1,39.1,0,18896.64
8.1,39.1,0,18085.66
9.1,39.1,0,17315.25
10.1,39.1,0,16418.97
11.1,39.1,0,14463.44
12.1,39.1,0,12372.7
13.1,39.1,0,10359.49
14.1,39.1,0,9048.338
15.1,39.1,0,8121.364
16.1,39.1,0,6984.422
17.1,31.1,0,4988.892
17.1,32.1,0,4853.328
17.1,33.1,0,4765.604
17.1,34.1,0,4688.786
17.1,35.1,0,4697.778
17.1,36.1,0,4734.433
17.1,37.1,0,4839.911
17.1,38.1,0,4963.756
17.1,39.1,0,5908.707
28.1,28.1,0,16345.91
28.1,29.1,0,16721.53
28.1,30.1,0,16749.93
28.1,31.1,0,15162.51
28.1,32.1,0,13620.15
28.1,33.1,0,13314.03
28.1,34.1,0,13115.02
28.1,35.1,0,13130.78
28.1,36.1,0,13080.64
20.1,37.1,0,14588.66
21.1,37.1,0,13860.01
22.1,37.1,0,13118.97
23.1,37.1,0,12497.02
24.1,37.1,0,12318.95
25.1,37.1,0,12233.78
26.1,37.1,0,12400.13
27.1,37.1,0,12428.31
28.1,37.1,0,13399.7
39.1,0.1,0,26094.95
39.1,1.1,0,24574.62
39.1,2.1,0,23509.48
39.1,3.1,0,22464.91
39.1,4.1,0,21515.76
39.1,5.1,0,20618.34
39.1,6.1,0,19713.96
39.1,7.1,0,18896.64
39.1,8.1,0,18085.66
39.1,9.1,0,17315.26
39.1,10.1,0,16418.97
39.1,11.1,0,14463.44
39.1,12.1,0,12372.7
39.1,13.1,0,10359.49
39.1,14.1,0,9048.338
39.1,15.1,0,8121.364
39.1,16.1,0,6984.422
31.1,17.1,0,4988.892
32.1,17.1,0,4853.328
33.1,17.1,0,4765.604
34.1,17.1,0,4688.786
35.1,17.1,0,4697.778
36.1,17.1,0,4734.433
37.1,17.1,0,4839.911
38.1,17.1,0,4963.756
39.1,17.1,0,5908.707
29.1,28.1,0,16721.53
30.1,28.1,0,16749.93
31.1,28.1,0,15162.51
32.1,28.1,0,13620.15
33.1,28.1,0,13314.04
34.1,28.1,0,13115.02
35.1,28.1,0,13098.88
36.1,28.1,0,13080.64
37.1,20.1,0,14588.66
37.1,21.1,0,13860.01
37.1,22.1,0,13118.97
37.1,23.1,0,12497.02
37.1,24.1,0,12318.95
37.1,25.1,0,12233.78
37.1,26.1,0,12400.13
37.1,27.1,0,12428.31
37.1,28.1,0,13399.7
0.1,40.1,0,27195.53
1.1,40.1,0,26081.38
2.1,40.1,0,24971.13
3.1,40.1,0,24008.43
4.1,40.1,0,23041.64
5.1,40.1,0,22167.5
6.1,40.1,0,21338.99
7.1,40.1,0,20564.58
8.1,40.1,0,19855.79
9.1,40.1,0,19205.76
10.1,40.1,0,18301.59
11.1,40.1,0,16664.44
12.1,40.1,0,14816.9
13.1,40.1,0,13099.78
14.1,40.1,0,11876.55
15.1,40.1,0,11209.59
16.1,40.1,0,10786.54
17.1,40.1,0,10553.96
18.1,31.1,0,5140.847
18.1,32.1,0,4978.327
18.1,33.1,0,4880.381
18.1,34.1,0,4808.944
18.1,35.1,0,4824.581
18.1,36.1,0,4799.922
18.1,37.1,0,4872.215
18.1,38.1,0,4992.644
18.1,39.1,0,5186.491
18.1,40.1,0,10402.65
29.1,29.1,0,16974.02
29.1,30.1,0,16896.27
29.1,31.1,0,14145.28
29.1,32.1,0,13798.94
29.1,33.1,0,13695.01
29.1,34.1,0,13603.39
29.1,35.1,0,13658.62
29.1,36.1,0,13852.22
29.1,37.1,0,14236.14
20.1,38.1,0,14815.96
21.1,38.1,0,14150.03
22.1,38.1,0,13459.58
23.1,38.1,0,13497.49
24.1,38.1,0,13607.97
25.1,38.1,0,13706.9
26.1,38.1,0,13706.68
27.1,38.1,0,13615.96
28.1,38.1,0,13601.91
29.1,38.1,0,14372.96
40.1,0.1,0,27195.53
40.1,1.1,0,26081.38
40.1,2.1,0,24971.13
40.1,3.1,0,24008.43
40.1,4.1,0,23041.64
40.1,5.1,0,22167.5
40.1,6.1,0,21338.99
40.1,7.1,0,20564.58
40.1,8.1,0,19855.79
40.1,9.1,0,19205.76
40.1,10.1,0,18301.59
40.1,11.1,0,16664.44
40.1,12.1,0,14816.9
40.1,13.1,0,13099.78
40.1,14.1,0,11876.55
40.1,15.1,0,11209.59
40.1,16.1,0,10786.53
40.1,17.1,0,10553.96
31.1,18.1,0,5140.847
32.1,18.1,0,4978.327
33.1,18.1,0,4880.381
34.1,18.1,0,4808.944
35.1,18.1,0,4824.581
36.1,18.1,0,4799.922
37.1,18.1,0,4872.215
38.1,18.1,0,4992.644
39.1,18.1,0,5186.491
40.1,18.1,0,10402.65
30.1,29.1,0,16896.27
31.1,29.1,0,14145.28
32.1,29.1,0,13798.94
33.1,29.1,0,13695.01
34.1,29.1,0,13603.39
35.1,29.1,0,13658.62
36.1,29.1,0,13852.22
37.1,29.1,0,14236.14
38.1,20.1,0,14815.96
38.1,21.1,0,14150.03
38.1,22.1,0,13459.58
38.1,23.1,0,13497.49
38.1,24.1,0,13607.97
38.1,25.1,0,13706.9
38.1,26.1,0,13706.68
38.1,27.1,0,13615.96
38.1,28.1,0,13601.91
38.1,29.1,0,14372.96
0.1,41.1,0,27379.08
1.1,41.1,0,26297.72
2.1,41.1,0,25194.74
3.1,41.1,0,24196.36
4.1,41.1,0,23276.28
5.1,41.1,0,22376.8
6.1,41.1,0,21573.42
7.1,41.1,0,20816.23
8.1,41.1,0,20146.13
9.1,41.1,0,19554.86
10.1,41.1,0,18617.06
11.1,41.1,0,17121.7
12.1,41.1,0,15516.54
13.1,41.1,0,13911.09
14.1,41.1,0,12553.04
15.1,41.1,0,11719.13
16.1,41.1,0,11305
17.1,41.1,0,11067.18
18.1,41.1,0,10940.52
19.1,40.1,0,9876.195
19.1,41.1,0,11655.9
20.1,39.1,0,15000.76
21.1,39.1,0,14603.59
22.1,39.1,0,14932.44
23.1,39.1,0,15218.28
24.1,39.1,0,15282.08
25.1,39.1,0,15278.17
26.1,39.1,0,15322.56
27.1,39.1,0,15291.69
28.1,39.1,0,15072.08
29.1,39.1,0,14700.22
41.1,0.1,0,27379.08
41.1,1.1,0,26297.71
41.1,2.1,0,25194.74
41.1,3.1,0,24196.36
41.1,4.1,0,23276.28
41.1,5.1,0,22376.8
41.1,6.1,0,21573.42
41.1,7.1,0,20816.23
41.1,8.1,0,20146.13
41.1,9.1,0,19554.86
41.1,10.1,0,18617.06
41.1,11.1,0,17121.7
41.1,12.1,0,15516.54
41.1,13.1,0,13911.09
41.1,14.1,0,12553.04
41.1,15.1,0,11719.13
41.1,16.1,0,11305
41.1,17.1,0,11067.18
41.1,18.1,0,10940.52
40.1,19.1,0,9876.195
41.1,19.1,0,11655.9
39.1,20.1,0,15000.76
39.1,21.1,0,14603.59
39.1,22.1,0,14932.44
39.1,23.1,0,15218.28
39.1,24.1,0,15282.08
39.1,25.1,0,15263.4
39.1,26.1,0,15322.56
39.1,27.1,0,15291.69
39.1,28.1,0,15072.08
39.1,29.1,0,14700.22
0.1,42.1,0,27829.7
1.1,42.1,0,26826.46
2.1,42.1,0,25755.43
3.1,42.1,0,24807.59
4.1,42.1,0,23876.67
5.1,42.1,0,23011.07
6.1,42.1,0,22296.01
7.1,42.1,0,21576.13
8.1,42.1,0,20857.13
9.1,42.1,0,20247.59
10.1,42.1,0,19316.6
11.1,42.1,0,17971.63
12.1,42.1,0,16358.41
13.1,42.1,0,14863.75
14.1,42.1,0,13391.61
15.1,42.1,0,12546.63
16.1,42.1,0,12050.22
17.1,42.1,0,11783.59
18.1,42.1,0,12012.19
19.1,42.1,0,13654.64
20.1,40.1,0,17932.55
20.1,41.1,0,21041.18
20.1,42.1,0,22202.75
21.1,40.1,0,17428.28
22.1,40.1,0,17163.7
23.1,40.1,0,17050.93
24.1,40.1,0,17012.72
25.1,40.1,0,17021.25
26.1,40.1,0,17054.37
27.1,40.1,0,17133.66
28.1,40.1,0,17368.78
29.1,40.1,0,17627.17
42.1,0.1,0,27829.7
42.1,1.1,0,26826.46
42.1,2.1,0,25755.43
42.1,3.1,0,24807.59
42.1,4.1,0,23876.67
42.1,5.1,0,23011.07
42.1,6.1,0,22296.01
42.1,7.1,0,21576.13
42.1,8.1,0,20857.13
42.1,9.1,0,20247.59
42.1,10.1,0,19316.6
42.1,11.1,0,17971.63
42.1,12.1,0,16358.41
42.1,13.1,0,14863.75
42.1,14.1,0,13391.61
42.1,15.1,0,12546.63
42.1,16.1,0,12050.22
42.1,17.1,0,11783.58
42.1,18.1,0,12012.19
42.1,19.1,0,13654.64
40.1,20.1,0,17932.55
41.1,20.1,0,21041.18
42.1,20.1,0,22174.32
40.1,21.1,0,17428.29
40.1,22.1,0,17163.7
40.1,23.1,0,17050.93
40.1,24.1,0,17012.71
40.1,25.1,0,17021.25
40.1,26.1,0,17054.37
40.1,27.1,0,17133.66
40.1,28.1,0,17368.78
40.1,29.1,0,17627.17
0.1,43.1,0,28403.22
1.1,43.1,0,27288.83
2.1,43.1,0,26358.74
3.1,43.1,0,25436.22
4.1,43.1,0,24579.64
5.1,43.1,0,23683.19
6.1,43.1,0,22887.88
7.1,43.1,0,22250.1
8.1,43.1,0,21585.12
9.1,43.1,0,20990.33
10.1,43.1,0,20060.04
11.1,43.1,0,18728.06
12.1,43.1,0,17291.42
13.1,43.1,0,15906.87
14.1,43.1,0,14446.17
15.1,43.1,0,13445.58
16.1,43.1,0,12785.65
17.1,43.1,0,12843.65
18.1,43.1,0,13831.91
19.1,43.1,0,15969.88
20.1,43.1,0,23083.6
21.1,41.1,0,19300.35
21.1,42.1,0,21483.17
21.1,43.1,0,22687.02
22.1,41.1,0,18637.54
23.1,41.1,0,18319.74
24.1,41.1,0,18222.19
25.1,41.1,0,18131.07
26.1,41.1,0,18251.15
27.1,41.1,0,18351.7
28.1,41.1,0,18814.19
29.1,41.1,0,19438.08
30.1,40.1,0,7799.887
30.1,41.1,0,18983.37
43.1,0.1,0,28403.22
43.1,1.1,0,27288.83
43.1,2.1,0,26358.74
43.1,3.1,0,25436.22
43.1,4.1,0,24579.64
43.1,5.1,0,23683.19
43.1,6.1,0,22887.88
43.1,7.1,0,22250.1
43.1,8.1,0,21585.12
43.1,9.1,0,20990.33
43.1,10.1,0,20060.04
43.1,11.1,0,18728.06
43.1,12.1,0,17291.42
43.1,13.1,0,15906.87
43.1,14.1,0,14446.17
43.1,15.1,0,13445.58
43.1,16.1,0,12785.65
43.1,17.1,0,12843.65
43.1,18.1,0,13831.91
43.1,19.1,0,15969.88
43.1,20.1,0,23083.6
41.1,21.1,0,19300.36
42.1,21.1,0,21483.17
43.1,21.1,0,22687.02
41.1,22.1,0,18637.54
41.1,23.1,0,18319.75
41.1,24.1,0,18222.19
41.1,25.1,0,18131.07
41.1,26.1,0,18251.14
41.1,27.1,0,18351.7
41.1,28.1,0,18814.19
41.1,29.1,0,19438.07
40.1,30.1,0,7799.888
41.1,30.1,0,18983.36
0.1,44.1,0,29002.55
1.1,44.1,0,27988.12
2.1,44.1,0,26990.53
3.1,44.1,0,26069.13
4.1,44.1,0,25215.63
5.1,44.1,0,24433.44
6.1,44.1,0,23631.75
7.1,44.1,0,22961.67
8.1,44.1,0,22333.91
9.1,44.1,0,21795.94
10.1,44.1,0,20818.66
11.1,44.1,0,19578.12
12.1,44.1,0,18226.91
13.1,44.1,0,16912.01
14.1,44.1,0,15599.55
15.1,44.1,0,14383.69
16.1,44.1,0,13984.8
17.1,44.1,0,14596.09
18.1,44.1,0,15159.44
19.1,44.1,0,18586.37
20.1,44.1,0,24168.86
21.1,44.1,0,23759.79
22.1,42.1,0,20437.01
22.1,43.1,0,22326.94
22.1,44.1,0,23581.23
23.1,42.1,0,19830.51
24.1,42.1,0,19573.27
25.1,42.1,0,19556.89
26.1,42.1,0,19626.19
27.1,42.1,0,19859.92
28.1,42.1,0,20573.36
29.1,42.1,0,21593.84
30.1,42.1,0,20936.96
31.1,40.1,0,10152.12
31.1,41.1,0,10880.8
31.1,42.1,0,13287.78
44.1,0.1,0,29002.55
44.1,1.1,0,27988.12
44.1,2.1,0,26990.53
44.1,3.1,0,26069.13
44.1,4.1,0,25215.63
44.1,5.1,0,24433.44
44.1,6.1,0,23631.75
44.1,7.1,0,22961.67
44.1,8.1,0,22333.91
44.1,9.1,0,21795.94
44.1,10.1,0,20818.66
44.1,11.1,0,19578.12
44.1,12.1,0,18226.91
44.1,13.1,0,16912.01
44.1,14.1,0,15599.55
44.1,15.1,0,14383.69
44.1,16.1,0,13984.8
44.1,17.1,0,14596.09
44.1,18.1,0,15159.44
44.1,19.1,0,18586.37
44.1,20.1,0,24168.86
44.1,21.1,0,23759.79
42.1,22.1,0,20437.01
43.1,22.1,0,22326.94
44.1,22.1,0,23581.23
42.1,23.1,0,19830.51
42.1,24.1,0,19573.27
42.1,25.1,0,19556.89
42.1,26.1,0,19626.19
42.1,27.1,0,19859.91
42.1,28.1,0,20573.35
42.1,29.1,0,21593.84
42.1,30.1,0,20936.96
40.1,31.1,0,10152.12
41.1,31.1,0,10880.8
42.1,31.1,0,13287.78
0.1,45.1,0,29685.02
1.1,45.1,0,28652.58
2.1,45.1,0,27719.93
3.1,45.1,0,26826.47
4.1,45.1,0,26024.39
5.1,45.1,0,25221.35
6.1,45.1,0,24378.89
7.1,45.1,0,23640.84
8.1,45.1,0,23138.63
9.1,45.1,0,22609.02
10.1,45.1,0,21674.54
11.1,45.1,0,20476.78
12.1,45.1,0,19205.44
13.1,45.1,0,17914.57
14.1,45.1,0,16694.93
15.1,45.1,0,15543.7
16.1,45.1,0,15746.69
17.1,45.1,0,15900.16
18.1,45.1,0,16478.62
19.1,45.1,0,20621.23
20.1,45.1,0,25260.74
21.1,45.1,0,24927.32
22.1,45.1,0,24815.89
23.1,43.1,0,21568.23
23.1,44.1,0,23260
23.1,45.1,0,24731.42
24.1,43.1,0,21167.45
25.1,43.1,0,21127.01
26.1,43.1,0,21156.33
27.1,43.1,0,21582.48
28.1,43.1,0,22458.85
29.1,43.1,0,22534.4
30.1,43.1,0,22080.52
31.1,43.1,0,14897.1
31.1,39.1,0,4685.862
32.1,39.1,0,4993.199
32.1,40.1,0,10225
32.1,41.1,0,10817.92
32.1,42.1,0,11600.31
32.1,43.1,0,13593.11
45.1,0.1,0,29685.02
45.1,1.1,0,28652.58
45.1,2.1,0,27719.93
45.1,3.1,0,26826.47
45.1,4.1,0,26024.39
45.1,5.1,0,25221.36
45.1,6.1,0,24378.89
45.1,7.1,0,23640.84
45.1,8.1,0,23138.63
45.1,9.1,0,22609.02
45.1,10.1,0,21674.54
45.1,11.1,0,20476.78
45.1,12.1,0,19205.44
45.1,13.1,0,17914.57
45.1,14.1,0,16694.93
45.1,15.1,0,15543.7
45.1,16.1,0,15746.69
45.1,17.1,0,15900.16
45.1,18.1,0,16478.62
45.1,19.1,0,20603.96
45.1,20.1,0,25260.74
45.1,21.1,0,24927.32
45.1,22.1,0,24815.89
43.1,23.1,0,21568.23
44.1,23.1,0,23260
45.1,23.1,0,24731.42
43.1,24.1,0,21167.44
43.1,25.1,0,21127
43.1,26.1,0,21156.32
43.1,27.1,0,21582.48
43.1,28.1,0,22458.85
43.1,29.1,0,22534.4
43.1,30.1,0,22080.52
43.1,31.1,0,14897.1
39.1,31.1,0,4685.861
39.1,32.1,0,4993.199
40.1,32.1,0,10225
41.1,32.1,0,10817.92
42.1,32.1,0,11600.3
43.1,32.1,0,13593.11
0.1,46.1,0,30364.35
1.1,46.1,0,29423.37
2.1,46.1,0,28476.21
3.1,46.1,0,27557.1
4.1,46.1,0,26789.48
5.1,46.1,0,26000.23
6.1,46.1,0,25368.75
7.1,46.1,0,24513.17
8.1,46.1,0,23980.65
9.1,46.1,0,23516.44
10.1,46.1,0,22555.52
11.1,46.1,0,21481.9
12.1,46.1,0,20240.34
13.1,46.1,0,19016.85
14.1,46.1,0,17920.23
15.1,46.1,0,17546.54
16.1,46.1,0,17307.92
17.1,46.1,0,17379.82
18.1,46.1,0,18344.37
19.1,46.1,0,22378.99
20.1,46.1,0,26408.41
21.1,46.1,0,26213.09
22.1,46.1,0,26008.93
23.1,46.1,0,26123.57
24.1,44.1,0,22956.48
24.1,45.1,0,24717.85
24.1,46.1,0,26427.74
25.1,44.1,0,22764.52
26.1,44.1,0,22928.96
27.1,44.1,0,23489.38
28.1,44.1,0,23529.82
29.1,44.1,0,23637.76
30.1,44.1,0,23467.49
31.1,44.1,0,17671.86
32.1,44.1,0,14971.12
31.1,38.1,0,4574.665
32.1,38.1,0,4592.708
33.1,38.1,0,4746.674
33.1,39.1,0,5628.283
33.1,40.1,0,10408
33.1,41.1,0,10937.99
33.1,42.1,0,11662.04
33.1,43.1,0,12539.56
33.1,44.1,0,14318.24
46.1,0.1,0,30364.36
46.1,1.1,0,29423.37
46.1,2.1,0,28476.21
46.1,3.1,0,27557.1
46.1,4.1,0,26789.48
46.1,5.1,0,26000.23
46.1,6.1,0,25368.75
46.1,7.1,0,24513.17
46.1,8.1,0,23980.65
46.1,9.1,0,23516.44
46.1,10.1,0,22555.52
46.1,11.1,0,21481.9
46.1,12.1,0,20240.34
46.1,13.1,0,19016.85
46.1,14.1,0,17920.23
46.1,15.1,0,17546.55
46.1,16.1,0,17307.93
46.1,17.1,0,17379.81
46.1,18.1,0,18315.77
46.1,19.1,0,22379
46.1,20.1,0,26408.41
46.1,21.1,0,26213.09
46.1,22.1,0,26008.93
46.1,23.1,0,26123.58
44.1,24.1,0,22956.48
45.1,24.1,0,24717.85
46.1,24.1,0,26427.74
44.1,25.1,0,22764.52
44.1,26.1,0,22928.96
44.1,27.1,0,23489.38
44.1,28.1,0,23529.82
44.1,29.1,0,23637.76
44.1,30.1,0,23467.49
44.1,31.1,0,17671.86
44.1,32.1,0,14971.12
38.1,31.1,0,4574.665
38.1,32.1,0,4592.708
38.1,33.1,0,4746.674
39.1,33.1,0,5628.284
40.1,33.1,0,10407.99
41.1,33.1,0,10937.99
42.1,33.1,0,11662.04
43.1,33.1,0,12539.56
44.1,33.1,0,14318.24
0.1,47.1,0,31168.38
1.1,47.1,0,30204.98
2.1,47.1,0,29320.61
3.1,47.1,0,28435.32
4.1,47.1,0,27583.21
5.1,47.1,0,26899.8
6.1,47.1,0,26131.94
7.1,47.1,0,25501.09
8.1,47.1,0,24843.3
9.1,47.1,0,24460.75
10.1,47.1,0,23448.36
11.1,47.1,0,22470.51
12.1,47.1,0,21302.67
13.1,47.1,0,20211.15
14.1,47.1,0,19904.66
15.1,47.1,0,19285.66
16.1,47.1,0,18780.05
17.1,47.1,0,18717.85
18.1,47.1,0,20589.09
19.1,47.1,0,24168.7
20.1,47.1,0,27745.91
21.1,47.1,0,27565.36
22.1,47.1,0,27413.32
23.1,47.1,0,27468.58
24.1,47.1,0,27867.88
25.1,45.1,0,24753.79
25.1,46.1,0,26549.56
25.1,47.1,0,27833.78
26.1,45.1,0,24749.11
27.1,45.1,0,24602.79
28.1,45.1,0,24711.69
29.1,45.1,0,24848.8
30.1,45.1,0,24693.36
31.1,45.1,0,19895.9
32.1,45.1,0,16380.89
33.1,45.1,0,15787.35
31.1,37.1,0,4532.228
32.1,37.1,0,4482.578
33.1,37.1,0,4476.388
34.1,37.1,0,4583.658
34.1,38.1,0,5017.696
34.1,39.1,0,6824.141
34.1,40.1,0,10670.32
34.1,41.1,0,11159.93
34.1,42.1,0,11955.26
34.1,43.1,0,12735.77
34.1,44.1,0,13681.73
34.1,45.1,0,15508.77
47.1,0.1,0,31168.38
47.1,1.1,0,30204.98
47.1,2.1,0,29320.61
47.1,3.1,0,28435.32
47.1,4.1,0,27583.21
47.1,5.1,0,26899.8
47.1,6.1,0,26131.94
47.1,7.1,0,25501.09
47.1,8.1,0,24843.3
47.1,9.1,0,24460.75
47.1,10.1,0,23448.36
47.1,11.1,0,22470.5
47.1,12.1,0,21302.67
47.1,13.1,0,20211.16
47.1,14.1,0,19904.65
47.1,15.1,0,19285.66
47.1,16.1,0,18780.05
47.1,17.1,0,18717.85
47.1,18.1,0,20589.09
47.1,19.1,0,24168.7
47.1,20.1,0,27745.91
47.1,21.1,0,27565.35
47.1,22.1,0,27413.32
47.1,23.1,0,27468.58
47.1,24.1,0,27867.88
45.1,25.1,0,24753.78
46.1,25.1,0,26573.6
47.1,25.1,0,27833.78
45.1,26.1,0,24749.1
45.1,27.1,0,24602.78
45.1,28.1,0,24711.69
45.1,29.1,0,24848.8
45.1,30.1,0,24693.36
45.1,31.1,0,19895.9
45.1,32.1,0,16380.89
45.1,33.1,0,15787.36
37.1,31.1,0,4532.228
37.1,32.1,0,4482.58
37.1,33.1,0,4476.388
37.1,34.1,0,4583.659
38.1,34.1,0,5017.697
39.1,34.1,0,6824.142
40.1,34.1,0,10670.31
41.1,34.1,0,11159.93
42.1,34.1,0,11955.26
43.1,34.1,0,12735.77
44.1,34.1,0,13681.73
45.1,34.1,0,15508.78
0.1,48.1,0,31884.21
1.1,48.1,0,31048.66
2.1,48.1,0,30165.96
3.1,48.1,0,29367.18
4.1,48.1,0,28544.71
5.1,48.1,0,27805.86
6.1,48.1,0,27169.75
7.1,48.1,0,26438.95
8.1,48.1,0,25870.56
9.1,48.1,0,25428.93
10.1,48.1,0,24470.71
11.1,48.1,0,23619.93
12.1,48.1,0,22460.42
13.1,48.1,0,22063.5
14.1,48.1,0,21381.17
15.1,48.1,0,20843.36
16.1,48.1,0,20192.62
17.1,48.1,0,20179.7
18.1,48.1,0,22709.63
19.1,48.1,0,25927.67
20.1,48.1,0,29156.88
21.1,48.1,0,28889.99
22.1,48.1,0,28905.55
23.1,48.1,0,29059.09
24.1,48.1,0,28929.68
25.1,48.1,0,28977.26
26.1,46.1,0,26129.78
26.1,47.1,0,27554.67
26.1,48.1,0,28969.93
27.1,46.1,0,26059.56
28.1,46.1,0,26047.69
29.1,46.1,0,26029.93
30.1,46.1,0,25820.29
31.1,46.1,0,21909.15
32.1,46.1,0,17903.72
33.1,46.1,0,17128.64
34.1,46.1,0,17061.43
31.1,36.1,0,4544.462
32.1,36.1,0,4418.489
33.1,36.1,0,4358.533
34.1,36.1,0,4388.617
35.1,36.1,0,4516.961
35.1,37.1,0,4795.047
35.1,38.1,0,5500.877
35.1,39.1,0,7904.631
35.1,40.1,0,11055.27
35.1,41.1,0,11584.03
35.1,42.1,0,12387.63
35.1,43.1,0,13316.83
35.1,44.1,0,14325.44
35.1,45.1,0,15365.46
35.1,46.1,0,17184.23
48.1,0.1,0,31884.21
48.1,1.1,0,31048.66
48.1,2.1,0,30165.96
48.1,3.1,0,29367.18
48.1,4.1,0,28544.71
48.1,5.1,0,27805.86
48.1,6.1,0,27169.76
48.1,7.1,0,26438.95
48.1,8.1,0,25870.56
48.1,9.1,0,25428.93
48.1,10.1,0,24470.71
48.1,11.1,0,23619.93
48.1,12.1,0,22460.42
48.1,13.1,0,22063.5
48.1,14.1,0,21381.17
48.1,15.1,0,20843.36
48.1,16.1,0,20192.63
48.1,17.1,0,20179.7
48.1,18.1,0,22709.63
48.1,19.1,0,25927.67
48.1,20.1,0,29156.88
48.1,21.1,0,28889.99
48.1,22.1,0,28905.55
48.1,23.1,0,29059.09
48.1,24.1,0,28929.69
48.1,25.1,0,28977.26
46.1,26.1,0,26129.78
47.1,26.1,0,27554.67
48.1,26.1,0,28969.93
46.1,27.1,0,26059.56
46.1,28.1,0,26047.69
46.1,29.1,0,26029.92
46.1,30.1,0,25820.29
46.1,31.1,0,21909.15
46.1,32.1,0,17903.72
46.1,33.1,0,17128.64
46.1,34.1,0,17061.43
36.1,31.1,0,4544.462
36.1,32.1,0,4418.489
36.1,33.1,0,4358.533
36.1,34.1,0,4388.618
36.1,35.1,0,4516.961
37.1,35.1,0,4795.047
38.1,35.1,0,5500.877
39.1,35.1,0,7904.633
40.1,35.1,0,11055.27
41.1,35.1,0,11584.02
42.1,35.1,0,12387.63
43.1,35.1,0,13316.83
44.1,35.1,0,14325.44
45.1,35.1,0,15365.46
46.1,35.1,0,17184.23
0.1,49.1,0,32826.49
1.1,49.1,0,31966.78
2.1,49.1,0,31035.78
3.1,49.1,0,30353.58
4.1,49.1,0,29534.21
5.1,49.1,0,28705.12
6.1,49.1,0,28085.34
7.1,49.1,0,27441.13
8.1,49.1,0,26864.03
9.1,49.1,0,26511.69
10.1,49.1,0,25518.7
11.1,49.1,0,24826.37
12.1,49.1,0,24207.24
13.1,49.1,0,23669.33
14.1,49.1,0,23019.62
15.1,49.1,0,22419.72
16.1,49.1,0,21759.75
17.1,49.1,0,22148.04
18.1,49.1,0,24811.38
19.1,49.1,0,27454.35
20.1,49.1,0,30641.09
21.1,49.1,0,30435.97
22.1,49.1,0,30389.1
23.1,49.1,0,30164.01
24.1,49.1,0,30138.23
25.1,49.1,0,30060.32
26.1,49.1,0,30048.77
27.1,47.1,0,27440.96
27.1,48.1,0,28815.44
27.1,49.1,0,30235.68
28.1,47.1,0,27273.35
29.1,47.1,0,27389.18
30.1,47.1,0,27089.79
31.1,47.1,0,23687.85
32.1,47.1,0,20252.04
33.1,47.1,0,18606.05
34.1,47.1,0,18559.74
35.1,47.1,0,18910.08
31.1,35.1,0,4555.537
32.1,35.1,0,4420.727
33.1,35.1,0,4325.848
34.1,35.1,0,4315.204
35.1,35.1,0,4370.164
36.1,36.1,0,4733.389
36.1,37.1,0,5234.2
36.1,38.1,0,6279.972
36.1,39.1,0,8809.701
36.1,40.1,0,11674.54
36.1,41.1,0,12309.29
36.1,42.1,0,13233.33
36.1,43.1,0,14257.76
36.1,44.1,0,15328.88
36.1,45.1,0,16512.05
36.1,46.1,0,17649.78
36.1,47.1,0,19496.34
49.1,0.1,0,32826.49
49.1,1.1,0,31966.78
49.1,2.1,0,31035.78
49.1,3.1,0,30353.58
49.1,4.1,0,29534.21
49.1,5.1,0,28705.12
49.1,6.1,0,28085.34
49.1,7.1,0,27441.13
49.1,8.1,0,26864.03
49.1,9.1,0,26511.69
49.1,10.1,0,25518.7
49.1,11.1,0,24826.37
49.1,12.1,0,24207.24
49.1,13.1,0,23669.33
49.1,14.1,0,23019.62
49.1,15.1,0,22419.73
49.1,16.1,0,21759.75
49.1,17.1,0,22148.05
49.1,18.1,0,24811.37
49.1,19.1,0,27454.34
49.1,20.1,0,30641.08
49.1,21.1,0,30435.97
49.1,22.1,0,30389.1
49.1,23.1,0,30164.01
49.1,24.1,0,30138.23
49.1,25.1,0,30060.32
49.1,26.1,0,30048.77
47.1,27.1,0,27440.96
48.1,27.1,0,28815.43
49.1,27.1,0,30235.68
47.1,28.1,0,27273.35
47.1,29.1,0,27389.18
47.1,30.1,0,27089.79
47.1,31.1,0,23687.85
47.1,32.1,0,20252.03
47.1,33.1,0,18606.05
47.1,34.1,0,18559.75
47.1,35.1,0,18910.08
35.1,31.1,0,4555.536
35.1,32.1,0,4420.727
35.1,33.1,0,4325.848
35.1,34.1,0,4315.204
37.1,36.1,0,5234.201
38.1,36.1,0,6279.972
39.1,36.1,0,8809.7
40.1,36.1,0,11674.54
41.1,36.1,0,12309.29
42.1,36.1,0,13233.33
43.1,36.1,0,14257.77
44.1,36.1,0,15328.88
45.1,36.1,0,16512.05
46.1,36.1,0,17649.78
47.1,36.1,0,19496.33
28.1,48.1,0,28779.24
28.1,49.1,0,30097.96
29.1,48.1,0,28848.34
30.1,48.1,0,28498.66
31.1,48.1,0,25500.15
32.1,48.1,0,22367.97
33.1,48.1,0,20131.52
34.1,48.1,0,20013.1
35.1,48.1,0,20656.6
36.1,48.1,0,21222.34
31.1,34.1,0,4618.552
32.1,34.1,0,4459.448
33.1,34.1,0,4361.659
34.1,34.1,0,4303.356
37.1,37.1,0,5958.932
37.1,38.1,0,7522.037
37.1,39.1,0,10112.26
37.1,40.1,0,12868.27
37.1,41.1,0,13686.95
37.1,42.1,0,14705.3
37.1,43.1,0,15639.24
37.1,44.1,0,16735.6
37.1,45.1,0,17814.01
37.1,46.1,0,18970.37
37.1,47.1,0,19992.05
37.1,48.1,0,21798.09
48.1,28.1,0,28779.24
49.1,28.1,0,30097.96
48.1,29.1,0,28848.34
48.1,30.1,0,28498.66
48.1,31.1,0,25500.15
48.1,32.1,0,22367.97
48.1,33.1,0,20131.52
48.1,34.1,0,20013.09
48.1,35.1,0,20656.59
48.1,36.1,0,21222.34
34.1,31.1,0,4618.552
34.1,32.1,0,4459.448
34.1,33.1,0,4361.659
38.1,37.1,0,7522.038
39.1,37.1,0,10112.26
40.1,37.1,0,12868.27
41.1,37.1,0,13686.95
42.1,37.1,0,14705.3
43.1,37.1,0,15639.24
44.1,37.1,0,16735.6
45.1,37.1,0,17814.01
46.1,37.1,0,18970.38
47.1,37.1,0,19992.06
48.1,37.1,0,21798.09
29.1,49.1,0,30302.7
30.1,49.1,0,29993.99
31.1,49.1,0,27367.25
32.1,49.1,0,24454.21
33.1,49.1,0,21914.31
34.1,49.1,0,21572.54
35.1,49.1,0,22152.38
36.1,49.1,0,22807.1
37.1,49.1,0,23573.52
31.1,33.1,0,4727.002
32.1,33.1,0,4540.366
33.1,33.1,0,4425.398
38.1,38.1,0,9666.536
38.1,39.1,0,12192.08
38.1,40.1,0,14684.46
38.1,41.1,0,15361.22
38.1,42.1,0,16224.96
38.1,43.1,0,17173.96
38.1,44.1,0,18108.5
38.1,45.1,0,19125.26
38.1,46.1,0,20109.6
38.1,47.1,0,21246.93
38.1,48.1,0,22240.44
38.1,49.1,0,24052.84
49.1,29.1,0,30302.7
49.1,30.1,0,29993.99
49.1,31.1,0,27367.25
49.1,32.1,0,24454.21
49.1,33.1,0,21914.31
49.1,34.1,0,21572.53
49.1,35.1,0,22152.37
49.1,36.1,0,22807.1
49.1,37.1,0,23573.51
33.1,31.1,0,4727.003
33.1,32.1,0,4540.366
39.1,38.1,0,12192.08
40.1,38.1,0,14684.46
41.1,38.1,0,15361.22
42.1,38.1,0,16224.96
43.1,38.1,0,17173.96
44.1,38.1,0,18108.51
45.1,38.1,0,19125.27
46.1,38.1,0,20109.61
47.1,38.1,0,21246.93
48.1,38.1,0,22240.44
49.1,38.1,0,24052.83
31.1,32.1,0,4829.711
32.1,32.1,0,4662.013
39.1,39.1,0,14182.33
39.1,40.1,0,16568.29
39.1,41.1,0,17021.56
39.1,42.1,0,17750.29
39.1,43.1,0,18648.59
39.1,44.1,0,19510.91
39.1,45.1,0,20448.51
39.1,46.1,0,21402.67
39.1,47.1,0,22416.69
39.1,48.1,0,23481.81
39.1,49.1,0,24569.68
32.1,31.1,0,4829.711
40.1,39.1,0,16568.29
41.1,39.1,0,17021.56
42.1,39.1,0,17750.29
43.1,39.1,0,18648.59
44.1,39.1,0,19510.92
45.1,39.1,0,20448.51
46.1,39.1,0,21402.67
47.1,39.1,0,22416.69
48.1,39.1,0,23481.81
49.1,39.1,0,24569.67
31.1,31.1,0,5014.516
40.1,40.1,0,18517.18
40.1,41.1,0,18898.47
40.1,42.1,0,19573.88
40.1,43.1,0,20340.6
40.1,44.1,0,21202.63
40.1,45.1,0,22109.13
40.1,46.1,0,22998.11
40.1,47.1,0,24057.27
40.1,48.1,0,25067.61
40.1,49.1,0,26186.06
41.1,40.1,0,18898.47
42.1,40.1,0,19573.88
43.1,40.1,0,20340.6
44.1,40.1,0,21202.63
45.1,40.1,0,22109.13
46.1,40.1,0,22998.11
47.1,40.1,0,24057.27
48.1,40.1,0,25067.61
49.1,40.1,0,26186.07
41.1,41.1,0,19172.27
41.1,42.1,0,19841.19
41.1,43.1,0,20624.22
41.1,44.1,0,21453.46
41.1,45.1,0,22256.67
41.1,46.1,0,23224.81
41.1,47.1,0,24156.13
41.1,48.1,0,25216.92
41.1,49.1,0,26292.05
42.1,41.1,0,19841.19
43.1,41.1,0,20624.22
44.1,41.1,0,21453.46
45.1,41.1,0,22256.67
46.1,41.1,0,23224.81
47.1,41.1,0,24156.12
48.1,41.1,0,25216.92
49.1,41.1,0,26292.05
42.1,42.1,0,20568.47
42.1,43.1,0,21374.7
42.1,44.1,0,22180.03
42.1,45.1,0,22999.09
42.1,46.1,0,23920.1
42.1,47.1,0,24759.21
42.1,48.1,0,25850.54
42.1,49.1,0,26847.24
43.1,42.1,0,21374.71
44.1,42.1,0,22180.02
45.1,42.1,0,22999.09
46.1,42.1,0,23920.1
47.1,42.1,0,24759.21
48.1,42.1,0,25850.53
49.1,42.1,0,26847.24
43.1,43.1,0,22103.95
43.1,44.1,0,22827.98
43.1,45.1,0,23635.88
43.1,46.1,0,24534.16
43.1,47.1,0,25401.47
43.1,48.1,0,26461.21
43.1,49.1,0,27414.34
44.1,43.1,0,22827.98
45.1,43.1,0,23635.88
46.1,43.1,0,24534.16
47.1,43.1,0,25401.47
48.1,43.1,0,26461.2
49.1,43.1,0,27414.34
44.1,44.1,0,23604.51
44.1,45.1,0,24307.96
44.1,46.1,0,25166.44
44.1,47.1,0,26138.89
44.1,48.1,0,27061.03
44.1,49.1,0,28044.12
45.1,44.1,0,24307.96
46.1,44.1,0,25166.44
47.1,44.1,0,26138.89
48.1,44.1,0,27061.02
49.1,44.1,0,28044.12
45.1,45.1,0,25239.13
45.1,46.1,0,26008.78
45.1,47.1,0,26788.69
45.1,48.1,0,27790.11
45.1,49.1,0,28722.23
46.1,45.1,0,26008.78
47.1,45.1,0,26788.69
48.1,45.1,0,27790.11
49.1,45.1,0,28722.24
46.1,46.1,0,26797.09
46.1,47.1,0,27659
46.1,48.1,0,28616.4
46.1,49.1,0,29531.23
47.1,46.1,0,27659
48.1,46.1,0,28616.4
49.1,46.1,0,29531.23
47.1,47.1,0,28470.92
47.1,48.1,0,29334.74
47.1,49.1,0,30310.08
48.1,47.1,0,29334.74
49.1,47.1,0,30310.09
48.1,48.1,0,30266.98
48.1,49.1,0,31247.88
49.1,48.1,0,31247.88
49.1,49.1,0,31887.2
